[
    {"title":"Apple",
    "Department": "Produce",
    "Category":"fruits"},
    {"title":"Brinjal",
    "Department": "Produce",
    "Category":"vegetables"},
    {"title":"Orange",
    "Department": "Produce",
    "Category":"fruits"},
    {"title":"Banana",
    "Department": "Produce",
    "Category":"fruits"},
    {"title":"Cauliflower",
    "Department": "Produce",
    "Category":"vegetables"},
    {"title":"Lays",
    "Department": "Bakery",
    "Category":"chips"},
    {"title":"Olive Oil",
    "Department": "Produce",
    "Category":"oil"},
    {"title":"Shampoo",
    "Department": "PersonalCare",
    "Category":"haircare"},
    {"title":"Paneer",
    "Department": "Dairy",
    "Category":"cheese"},
    {"title":"Biscuits",
    "Department": "Bakery",
    "Category":"biscuits"}
]