[
    {
        "display_name": "Produce",
        "icon" : "fa fa-apple fa-fw",
        "class" : "hidden-xs",
        "id": 213,
        "name": "Produce",
        "rank_offset": 6,
        "sort_order": 16,
        "visible": true,
        "warehouse_id": 7,
        "aisles": [{
                    "display_name": "Indian Grocery",
                    "department_id": 213,
                    "id":101,
                    "name": "Indian",
                    "rank_offset": 7,
                    "sort_order": 15,
                    "visible": true,
                    "warehouse_id": 7,
                     "aisles": [{
                                    "display_name": "Spices",
                                    "department_id": 101,
                                    "id":201,
                                    "name": "spices",
                                    "rank_offset": 7,
                                    "sort_order": 15,
                                    "visible": true,
                                    "warehouse_id": 7
                     }, {
                                        "display_name":"Flour",
                                        "department_id": 101,
                                        "id": 202,
                                        "name": "flour",
                                        "rank_offset": 50,
                                        "visible": true
                                    }, {
                                        "display_name":"Sugar",
                                        "department_id": 101,
                                        "id": 203,
                                        "name": "sugar",
                                        "rank_offset": 30,
                                        "visible": true
                                    }]
                }, {
                    "display_name": "International Grocery",
                    "department_id": 212,
                    "id": 102,
                    "name": "International",
                    "rank_offset": 30,
                    "visible": true,
                    "warehouse_id": 7,
                     "aisles": [{
                                    "display_name": "Soup",
                                    "department_id": 102,
                                    "id":301,
                                    "name": "soup",
                                    "rank_offset": 7,
                                    "sort_order": 15,
                                    "visible": true,
                                    "warehouse_id": 7
                                    
                                        
                                    }, {
                                        "display_name":"Pasta",
                                        "department_id": 102,
                                        "id": 302,
                                        "name": "pasta",
                                        "rank_offset": 50,
                                        "visible": true
                                }]
                }, {
                            "display_name": "Fresh Fruits",
                            "id": 212,
                            "name": "fruits",
                            "rank_offset": 7,
                            "sort_order": 15,
                            "visible": true,
                            "warehouse_id": 7
                }, {
                            "display_name": "Fresh Vegetables",
                            "id": 212,
                            "name": "vegetables",
                            "rank_offset": 7,
                            "sort_order": 15,
                            "visible": true,
                            "warehouse_id": 7
                }, {
                            "display_name": "Oil, Vinegar & Sauces",
                            "id": 212,
                            "name": "oil",
                            "rank_offset": 7,
                            "sort_order": 15,
                            "visible": true,
                            "warehouse_id": 7
                }]
    },  
    {
        "display_name": "Dairy & Eggs",
        "icon" : "fa fa-leaf fa-fw",
        "class" : "hidden-xs hidden-sm",
        "id": 52,
        "name": "Dairy",
        "rank_offset": 20,
        "sort_order": 10,
        "visible": true,
        "warehouse_id": 2,
        "aisles": [{
            "display_name":"Paneer & Butter",
            "department_id": 52,
            "id": 619,
            "name": "cheese",
            "rank_offset": 60,
            "visible": true
        }, {
            "display_name":"Milk & Curd",
            "department_id": 52,
            "id": 463,
            "name": "milk",
            "rank_offset": 20,
            "visible": true
        }, {
            "display_name":"Eggs",
            "department_id": 52,
            "id": 414,
            "name": "eggs",
            "rank_offset": 50,
            "visible": true
        }]
    },
    {
        "display_name": "Bakery",
        "icon" : "fa fa-coffee fa-fw",
        "class" : "hidden-xs",
        "id": 91,
        "name": "Bakery",
        "rank_offset": 5,
        "sort_order": null,
        "visible": true,
        "warehouse_id": 3,
        "aisles": [{
            "display_name":"Chocolates",
            "department_id": 91,
            "id": 3004,
            "name": "chocolates",
            "rank_offset": 40,
            "visible": true
        }, {
            "display_name":"Biscuits",
            "department_id": 91,
            "id": 594,
            "name": "biscuits",
            "rank_offset": 10,
            "visible": true
        }, {
            "display_name": "Chips",
            "id": 212,
            "name": "chips",
            "rank_offset": 7,
            "sort_order": 15,
            "visible": true,
            "warehouse_id": 7
        }]
    },
    {
        "display_name": "Beverages",
        "icon" : "fa fa-glass fa-fw",
        "class" : "hidden-xs hidden-md hidden-sm",
        "id": 213,
        "name": "Beverages",
        "rank_offset": 6,
        "sort_order": 16,
        "visible": true,
        "warehouse_id": 7,
        "aisles": [{
            "display_name":"Refrigerated Juice",
            "department_id": 213,
            "id": 1491,
            "name": "juice",
            "rank_offset": 50,
            "visible": true
        }, {
            "display_name":"Water & Sparkling Water",
            "department_id": 213,
            "id": 1455,
            "name": "water",
            "rank_offset": 70,
            "visible": true
        }, {    
            "display_name":"Energy,Sports & Powdered Drinks",
            "department_id": 213,
            "id": 1456,
            "name": "energydrinks",
            "rank_offset": 40,
            "visible": true
        }, {
        
            "display_name":"Tea",
            "department_id": 213,
            "id": 1453,
            "name": "tea",
            "rank_offset": 10,
            "visible": true
        }, {
            "display_name":"Coffee",
            "department_id": 213,
            "id": 1453,
            "name": "coffee",
            "rank_offset": 10,
            "visible": true
        }]
    },
    {
        "display_name": "More",
        "icon" : "fa fa-ellipsis-v fa-fw",
        "id": 213,
        "name": "More",
        "rank_offset": 6,
        "sort_order": 16,
        "visible": true,
        "warehouse_id": 7,
        "aisles": [{
            "display_name": "Produce",
            "icon" : "fa fa-apple fa-fw",
            "class" : "hidden-lg hidden-md hidden-sm",
            "id": 213,
            "name": "Produce",
            "rank_offset": 6,
            "sort_order": 16,
            "visible": true,
            "warehouse_id": 7,
            "aisles": [{
                "display_name": "Indian Grocery",
                "department_id":213,
                "id": 212,
                "name": "Indian",
                "rank_offset": 7,
                "sort_order": 15,
                "visible": true,
                "warehouse_id": 7,
                 "aisles": [{
                                    "display_name": "Spices",
                                    "department_id": 101,
                                    "id":201,
                                    "name": "spices",
                                    "rank_offset": 7,
                                    "sort_order": 15,
                                    "visible": true,
                                    "warehouse_id": 7
                                    }, {
                                        "display_name":"Flour",
                                        "department_id": 101,
                                        "id": 202,
                                        "name": "flour",
                                        "rank_offset": 50,
                                        "visible": true
                                    }, {
                                        "display_name":"Sugar",
                                        "department_id": 101,
                                        "id": 203,
                                        "name": "sugar",
                                        "rank_offset": 30,
                                        "visible": true
                                    }]

                
            }, {
                "display_name": "International Grocery",
                "department_id": 213,
                "id": 301,
                "name": "International",
                "rank_offset": 30,
                "visible": true,
                "warehouse_id": 7,
                 "aisles": [{
                                    "display_name": "Soup",
                                    "department_id": 102,
                                    "id":301,
                                    "name": "soup",
                                    "rank_offset": 7,
                                    "sort_order": 15,
                                    "visible": true,
                                    "warehouse_id": 7
                                    
                                        
                                    }, {
                                        "display_name":"Pasta",
                                        "department_id": 102,
                                        "id": 302,
                                        "name": "pasta",
                                        "rank_offset": 50,
                                        "visible": true
                                }]
                
            }, {
                "display_name": "Fresh Fruits",
                "id": 212,
                "name": "fruits",
                "rank_offset": 7,
                "sort_order": 15,
                "visible": true,
                "warehouse_id": 7
            }, {
                "display_name": "Fresh Vegetables",
                "id": 212,
                "name": "vegetables",
                "rank_offset": 7,
                "sort_order": 15,
                "visible": true,
                "warehouse_id": 7
            }, {
                "display_name": "Oil, Vinegar & Sauces",
                "id": 212,
                "name": "oil",
                "rank_offset": 7,
                "sort_order": 15,
                "visible": true,
                "warehouse_id": 7
            }, {
                "display_name": "Jams,Honey & Spreads",
                "id": 212,
                "name": "jam",
                "rank_offset": 7,
                "sort_order": 15,
                "visible": true,
                "warehouse_id": 7
            }]
        },
            {
                "display_name": "Dairy & Eggs",
                "icon" : "fa fa-leaf fa-fw",
                "class" : "hidden-lg hidden-md",
                "id": 52,
                "name": "Dairy",
                "rank_offset": 20,
                "sort_order": 10,
                "visible": true,
                "warehouse_id": 2,
                "aisles": [{
                    "display_name":"Cheese",
                    "department_id": 52,
                    "id": 619,
                    "name": "cheese",
                    "rank_offset": 60,
                    "visible": true
                }, {
                    "display_name":"Milk & Curd",
                    "department_id": 52,
                    "id": 463,
                    "name": "Milk",
                    "rank_offset": 20,
                    "visible": true
                }, {
                    "display_name":"Eggs",
                    "department_id": 52,
                    "id": 414,
                    "name": "Eggs",
                    "rank_offset": 50,
                    "visible": true
                }]
            },
            {
                "display_name": "Bakery",
                "icon" : "fa fa-coffee fa-fw",
                "class" : "hidden-lg hidden-md hidden-sm",
                "id": 91,
                "name": "Bakery",
                "rank_offset": 5,
                "sort_order": null,
                "visible": true,
                "warehouse_id": 3,
                "aisles": [{
                    "display_name": "Cookies",
                    "department_id": 91,
                    "id": 3004,
                    "name": "cookies",
                    "rank_offset": 40,
                    "visible": true
                }, {

                    "display_name": "Desserts & Pudding",
                    "department_id": 91,
                    "id": 986,
                    "name": "dessert",
                    "rank_offset": 20,
                    "visible": true
                }, {
                    "display_name": "Confectionery",
                    "department_id": 91,
                    "id": 1352,
                    "name": "confectionery",
                    "rank_offset": 50,
                    "visible": true
                }]
            },
            {
                "display_name": "Beverages",
                "icon" : "fa fa-glass fa-fw",
                "class" : "hidden-lg",
                "id": 213,
                "name": "Beverages",
                "rank_offset": 6,
                "sort_order": 16,
                "visible": true,
                "warehouse_id": 7,
                "aisles": [ {
                                "display_name":"Refrigerated Juice",
                                "department_id": 213,
                                "id": 1491,
                                "name": "juice",
                                "rank_offset": 50,
                                "visible": true
                            }, {
                                "display_name": "Water & Sparkling Water",
                                "department_id": 213,
                                "id": 1455,
                                "name": "water",
                                "rank_offset": 70,
                                "visible": true
                            }, {
                                "display_name": "Energy,Sports & Powdered Drinks",
                                "department_id": 213,
                                "id": 1456,
                                "name": "energydrinks",
                                "rank_offset": 40,
                                "visible": true
                            }, {

                                "display_name": "Tea",
                                "department_id": 213,
                                "id": 1453,
                                "name": "tea",
                                "rank_offset": 10,
                                "visible": true
                            },  
                                 {
                                "display_name": "Coffee",
                                "department_id": 213,
                                "id": 1453,
                                "name": "coffee",
                                "rank_offset": 10,
                                "visible": true
                            }]
            }, {
                "display_name": "Personal Care",
                "id": 212,
                "name": "PersonalCare",
                "rank_offset": 7,
                "sort_order": 15,
                "visible": true,
                "warehouse_id": 7,
                "aisles": [{    "display_name": "Hair care",
                                "department_id": 212,
                                "id": 2708,
                                "name": "haircare",
                                "rank_offset": 100,
                                "visible": true
                            }, {
                                "display_name": "Facial care",
                                "department_id": 212,
                                "id": 1448,
                                "name": "facialcare",
                                "rank_offset": 50,
                                "visible": true
                            }, {
                                "display_name": "Household",
                                "department_id": 212,
                                "id": 1449,
                                "name": "household",
                                "rank_offset": 40,
                                "visible": true
                            }]
                },
                
                 {
                "display_name": "Popular",
                "icon" : "fa fa-glass fa-fw",
                "class" : "hidden-lg hidden-md hidden-sm",
                "id": 213,
                "name": "Popular",
                "rank_offset": 6,
                "sort_order": 16,
                "visible": true,
                "warehouse_id": 7,
                "aisles": []
            }, {
                "display_name": "Favorites",
                "icon" : "fa fa-glass fa-fw",
                "class" : "hidden-lg hidden-md hidden-sm",
                "id": 213,
                "name": "Favorites",
                "rank_offset": 6,
                "sort_order": 16,
                "visible": true,
                "warehouse_id": 7,
                "aisles": []
            }]
    }
]
